date,covid,politics,trial,security
2018-03-09,0,71,20,30
2018-03-10,0,844,114,75
2018-03-11,0,2620,149,81
2018-03-12,1,1777,213,54
2018-03-13,2,2346,115,101
2018-03-14,1,788,65,80
2018-03-15,0,533,71,123
2018-03-16,1,385,41,81
2018-03-17,0,290,70,64
2018-03-18,1,461,149,65
2018-03-19,1,293,69,95
2018-03-20,2,269,99,103
2018-03-21,0,276,83,267
2018-03-22,0,350,62,162
2018-03-23,0,192,35,151
2018-03-24,1,252,31,57
2018-03-25,0,414,85,124
2018-03-26,0,175,71,91
2018-03-27,0,223,85,67
2018-03-28,0,120,46,45
2018-03-29,0,183,105,47
2018-03-30,0,97,28,30
2018-03-31,0,105,20,78
2018-04-01,0,130,27,49
2018-04-02,0,453,44,102
2018-04-03,0,429,47,81
2018-04-04,0,190,25,94
2018-04-05,0,217,36,43
2018-04-06,0,69,28,37
2018-04-07,0,178,23,51
2018-04-08,0,210,51,120
2018-04-09,0,237,106,211
2018-04-10,1,197,64,124
2018-04-11,0,429,53,256
2018-04-12,0,177,27,167
2018-04-13,0,156,26,141
2018-04-14,0,147,25,358
2018-04-15,1,465,28,162
2018-04-16,0,241,102,175
2018-04-17,1,213,88,202
2018-04-18,0,267,29,168
2018-04-19,0,206,32,86
2018-04-20,3,210,66,246
2018-04-21,0,319,55,143
2018-04-22,0,274,103,120
2018-04-23,0,298,75,155
2018-04-24,0,402,36,261
2018-04-25,1,237,74,180
2018-04-26,1,208,27,185
2018-04-27,0,103,31,143
2018-04-28,0,118,19,141
2018-04-29,0,222,22,214
2018-04-30,0,437,58,1817
2018-05-01,1,276,44,1380
2018-05-02,0,174,26,490
2018-05-03,0,228,30,343
2018-05-04,0,198,30,187
2018-05-05,0,195,24,200
2018-05-06,0,664,78,395
2018-05-07,0,634,35,459
2018-05-08,0,326,22,1539
2018-05-09,2,363,55,1173
2018-05-10,5,263,28,1187
2018-05-11,5,154,21,491
2018-05-12,0,240,27,410
2018-05-13,0,230,46,263
2018-05-14,2,214,48,261
2018-05-15,0,206,42,281
2018-05-16,4,240,43,214
2018-05-17,0,180,79,209
2018-05-18,0,135,33,139
2018-05-19,1,113,14,93
2018-05-20,0,156,25,160
2018-05-21,0,204,32,334
2018-05-22,0,189,30,321
2018-05-23,2,222,94,258
2018-05-24,0,236,100,212
2018-05-25,0,155,68,140
2018-05-26,0,187,55,110
2018-05-27,0,235,55,191
2018-05-28,0,215,76,222
2018-05-29,0,194,53,267
2018-05-30,0,168,27,229
2018-05-31,3,197,25,256
2018-06-01,0,200,48,169
2018-06-02,0,146,27,167
2018-06-03,0,292,23,194
2018-06-04,1,294,147,277
2018-06-05,0,276,54,368
2018-06-06,1,200,26,229
2018-06-07,0,206,41,166
2018-06-08,0,210,55,204
2018-06-09,1,103,34,148
2018-06-10,0,167,56,208
2018-06-11,1,192,39,189
2018-06-12,0,253,30,402
2018-06-13,0,223,61,170
2018-06-14,0,224,43,115
2018-06-15,0,151,23,339
2018-06-16,0,146,41,102
2018-06-17,3,227,43,123
2018-06-18,0,217,84,332
2018-06-19,0,207,48,257
2018-06-20,0,217,43,403
2018-06-21,1,228,22,107
2018-06-22,0,189,34,59
2018-06-23,1,248,32,70
2018-06-24,0,497,45,79
2018-06-25,1,360,38,379
2018-06-26,0,209,31,226
2018-06-27,6,229,117,169
2018-06-28,2,167,36,127
2018-06-29,0,143,51,109
2018-06-30,0,155,35,99
2018-07-01,1,232,56,178
2018-07-02,1,215,39,168
2018-07-03,0,174,27,227
2018-07-04,2,170,40,219
2018-07-05,0,169,39,154
2018-07-06,0,148,31,96
2018-07-07,0,213,50,82
2018-07-08,0,285,44,106
2018-07-09,0,270,54,162
2018-07-10,0,246,71,97
2018-07-11,0,218,67,139
2018-07-12,0,200,69,163
2018-07-13,1,229,41,71
2018-07-14,0,245,22,101
2018-07-15,0,289,36,107
2018-07-16,0,344,21,129
2018-07-17,0,281,40,132
2018-07-18,0,285,49,91
2018-07-19,0,280,46,133
2018-07-20,0,171,28,84
2018-07-21,0,132,27,96
2018-07-22,0,259,35,132
2018-07-23,0,321,12,198
2018-07-24,1,286,32,138
2018-07-25,0,266,33,123
2018-07-26,1,348,42,87
2018-07-27,0,218,21,79
2018-07-28,0,266,33,74
2018-07-29,0,389,72,80
2018-07-30,0,389,45,151
2018-07-31,0,335,42,196
2018-08-01,0,307,40,179
2018-08-02,0,345,47,117
2018-08-03,0,310,59,73
2018-08-04,0,424,44,79
2018-08-05,0,407,32,120
2018-08-06,0,428,72,259
2018-08-07,0,401,42,264
2018-08-08,0,487,19,141
2018-08-09,0,319,14,124
2018-08-10,4,247,14,93
2018-08-11,0,434,26,90
2018-08-12,0,571,93,77
2018-08-13,1,458,82,124
2018-08-14,0,336,50,59
2018-08-15,0,379,42,70
2018-08-16,2,343,56,87
2018-08-17,0,288,74,63
2018-08-18,0,241,34,61
2018-08-19,1,266,46,60
2018-08-20,3,308,37,122
2018-08-21,0,390,59,116
2018-08-22,0,492,46,116
2018-08-23,2,389,41,121
2018-08-24,1,228,29,109
2018-08-25,0,165,30,76
2018-08-26,0,266,25,112
2018-08-27,1,404,19,145
2018-08-28,1,369,81,170
2018-08-29,2,309,34,163
2018-08-30,0,328,210,140
2018-08-31,0,263,203,118
2018-09-01,1,234,56,113
2018-09-02,0,249,37,93
2018-09-03,0,363,48,200
2018-09-04,0,342,41,126
2018-09-05,0,344,57,111
2018-09-06,0,385,43,90
2018-09-07,0,227,40,113
2018-09-08,0,201,33,100
2018-09-09,0,190,18,73
2018-09-10,0,181,16,63
2018-09-11,0,174,24,67
2018-09-12,1,211,28,70
2018-09-13,0,316,74,64
2018-09-14,0,229,55,49
2018-09-15,0,231,44,61
2018-09-16,0,362,47,60
2018-09-17,1,411,66,71
2018-09-18,1,166,5,96
2018-09-19,0,171,11,76
2018-09-20,0,393,25,164
2018-09-21,0,293,20,109
2018-09-22,0,273,42,392
2018-09-23,1,221,35,205
2018-09-24,0,167,27,281
2018-09-25,0,248,38,358
2018-09-26,1,387,19,248
2018-09-27,2,446,44,481
2018-09-28,0,343,37,317
2018-09-29,0,176,17,174
2018-09-30,2,258,34,124
2018-10-01,0,198,18,176
2018-10-02,0,387,17,186
2018-10-03,0,474,75,157
2018-10-04,0,456,82,156
2018-10-05,1,363,55,70
2018-10-06,0,387,62,101
2018-10-07,0,621,60,65
2018-10-08,0,634,52,100
2018-10-09,1,789,58,68
2018-10-10,0,587,79,61
2018-10-11,0,523,49,70
2018-10-12,0,422,44,50
2018-10-13,0,399,43,65
2018-10-14,0,750,38,103
2018-10-15,0,728,52,115
2018-10-16,1,831,50,111
2018-10-17,0,759,20,87
2018-10-18,0,682,70,100
2018-10-19,0,519,38,107
2018-10-20,0,501,38,82
2018-10-21,0,673,53,105
2018-10-22,0,818,47,106
2018-10-23,1,891,81,66
2018-10-24,1,1194,133,67
2018-10-25,1,877,83,55
2018-10-26,0,468,48,103
2018-10-27,0,492,28,174
2018-10-28,0,855,32,113
2018-10-29,0,1484,46,82
2018-10-30,0,3892,65,69
2018-10-31,0,2019,39,100
2018-11-01,1,1150,31,80
2018-11-02,1,572,17,153
2018-11-03,0,612,40,178
2018-11-04,0,691,43,126
2018-11-05,1,835,46,266
2018-11-06,0,896,53,118
2018-11-07,0,1516,47,54
2018-11-08,0,660,364,51
2018-11-09,0,468,190,77
2018-11-10,0,469,197,67
2018-11-11,0,544,205,66
2018-11-12,0,603,102,68
2018-11-13,0,1574,49,166
2018-11-14,0,2325,54,115
2018-11-15,0,1654,65,107
2018-11-16,0,1598,78,65
2018-11-17,0,1377,73,88
2018-11-18,0,2402,104,109
2018-11-19,0,1638,121,96
2018-11-20,0,635,125,140
2018-11-21,0,475,103,86
2018-11-22,0,352,82,111
2018-11-23,1,227,65,65
2018-11-24,1,254,112,124
2018-11-25,0,372,110,126
2018-11-26,3,499,155,75
2018-11-27,0,358,167,81
2018-11-28,0,370,107,67
2018-11-29,1,299,74,104
2018-11-30,0,288,67,78
2018-12-01,0,340,58,74
2018-12-02,1,520,703,79
2018-12-03,1,374,391,124
2018-12-04,0,335,180,117
2018-12-05,0,305,203,86
2018-12-06,1,300,188,177
2018-12-07,0,172,111,54
2018-12-08,0,267,97,76
2018-12-09,0,357,135,91
2018-12-10,0,374,86,57
2018-12-11,0,395,88,77
2018-12-12,0,471,89,92
2018-12-13,0,332,64,83
2018-12-14,0,271,54,38
2018-12-15,1,277,66,94
2018-12-16,0,379,53,53
2018-12-17,0,324,70,57
2018-12-18,0,325,54,69
2018-12-19,1,387,176,193
2018-12-20,1,355,203,234
2018-12-21,0,218,118,151
2018-12-22,1,258,123,182
2018-12-23,0,473,184,147
2018-12-24,0,4324,171,111
2018-12-25,0,2711,170,97
2018-12-26,1,1659,98,112
2018-12-27,1,1468,171,86
2018-12-28,0,744,110,57
2018-12-29,4,1180,101,65
2018-12-30,1,1341,106,70
2018-12-31,2,1177,140,98
2019-01-01,0,1605,105,58
2019-01-02,1,1183,156,129
2019-01-03,0,1226,140,141
2019-01-04,0,956,135,68
2019-01-05,1,1222,200,74
2019-01-06,2,1283,132,95
2019-01-07,1,1422,389,107
2019-01-08,4,1638,534,74
2019-01-09,1,1713,191,149
2019-01-10,0,974,129,110
2019-01-11,0,564,85,75
2019-01-12,2,517,70,78
2019-01-13,2,808,139,256
2019-01-14,0,785,137,170
2019-01-15,0,754,142,172
2019-01-16,0,755,499,125
2019-01-17,0,867,372,65
2019-01-18,0,545,284,42
2019-01-19,0,699,382,72
2019-01-20,0,999,286,143
2019-01-21,4,1146,274,314
2019-01-22,0,1077,408,155
2019-01-23,1,1008,348,133
2019-01-24,0,1019,192,117
2019-01-25,0,581,122,93
2019-01-26,0,553,199,117
2019-01-27,0,746,219,97
2019-01-28,0,1001,259,152
2019-01-29,0,1309,159,194
2019-01-30,0,1271,285,130
2019-01-31,0,1208,227,125
2019-02-01,0,1040,202,82
2019-02-02,0,852,253,94
2019-02-03,0,1025,267,134
2019-02-04,0,1036,144,106
2019-02-05,0,1114,118,116
2019-02-06,0,1156,82,106
2019-02-07,2,1074,104,89
2019-02-08,1,652,84,64
2019-02-09,3,632,92,59
2019-02-10,0,1064,108,108
2019-02-11,0,1250,114,158
2019-02-12,0,1145,144,214
2019-02-13,1,1329,233,309
2019-02-14,1,1086,166,323
2019-02-15,1,940,99,135
2019-02-16,1,789,108,173
2019-02-17,0,1103,109,245
2019-02-18,0,1334,80,112
2019-02-19,0,1454,81,96
2019-02-20,0,1878,141,86
2019-02-21,0,2842,177,130
2019-02-22,0,1273,135,105
2019-02-23,0,1140,148,129
2019-02-24,0,1299,240,118
2019-02-25,0,1259,164,145
2019-02-26,0,1616,110,215
2019-02-27,0,1330,293,165
2019-02-28,0,2000,1408,92
2019-03-01,0,1103,691,45
2019-03-02,0,1059,434,59
2019-03-03,0,1315,477,125
2019-03-04,0,1477,255,90
2019-03-05,0,1785,318,76
2019-03-06,0,1399,198,80
2019-03-07,1,1360,292,70
2019-03-08,2,838,171,58
2019-03-09,0,743,133,58
2019-03-10,0,1299,133,59
2019-05-17,0,753,258,162
2019-05-18,2,461,241,137
2019-05-19,0,600,181,150
2019-05-20,1,612,243,141
2019-05-21,1,543,220,195
2019-05-22,0,582,224,106
2019-05-23,1,1509,250,110
2019-05-24,2,1475,238,103
2019-05-25,1,1298,170,102
2019-05-26,0,3929,302,83
2019-05-27,0,5197,221,78
2019-05-28,0,4105,321,131
2019-05-29,2,6559,258,127
2019-05-30,4,5620,264,133
2019-05-31,1,1916,155,125
2019-06-01,0,1487,180,105
2019-06-02,0,2056,168,161
2019-06-03,1,1854,232,144
2019-06-04,5,1203,164,114
2019-06-05,0,1265,115,124
2019-06-06,0,1259,131,123
2019-06-07,0,771,93,128
2019-06-08,0,440,70,60
2019-06-09,1,525,116,101
2019-06-10,0,1423,148,214
2019-06-11,0,1138,129,140
2019-06-12,0,1155,147,138
2019-06-13,1,964,152,246
2019-06-14,1,528,53,192
2019-06-15,1,779,71,151
2019-06-16,0,1185,166,150
2019-06-17,0,822,133,211
2019-06-18,0,746,76,131
2019-06-19,1,856,70,150
2019-06-20,0,942,122,526
2019-06-21,0,588,83,596
2019-06-22,0,451,68,385
2019-06-23,1,1000,126,328
2019-06-24,3,1065,149,277
2019-06-25,0,2318,137,278
2019-06-26,1,3249,180,168
2019-06-27,0,1369,181,143
2019-06-28,1,762,93,148
2019-06-29,1,709,63,100
2019-06-30,3,1036,113,125
2019-07-01,0,905,96,371
2019-07-02,7,1103,133,234
2019-07-03,1,1018,79,120
2019-07-04,2,724,103,102
2019-07-05,3,475,59,100
2019-07-06,1,491,67,117
2019-07-07,1,759,151,220
2019-07-08,0,764,186,244
2019-07-09,0,644,145,191
2019-07-10,0,949,160,189
2019-07-11,0,955,141,191
2019-07-12,1,559,100,183
2019-07-13,0,733,163,139
2019-07-14,0,975,142,171
2019-07-15,3,858,150,261
2019-07-16,0,829,224,198
2019-07-17,1,953,249,136
2019-07-18,6,1230,259,223
2019-07-19,2,1027,131,270
2019-07-20,0,815,110,268
2019-07-21,2,1240,135,237
2019-07-22,0,1448,155,235
2019-07-23,1,1319,161,196
2019-07-24,0,1327,187,147
2019-07-25,3,1765,227,93
2019-07-26,0,913,249,116
2019-07-27,0,802,166,95
2019-07-28,0,1374,146,203
2019-07-29,0,1427,129,103
2019-07-30,1,1390,162,148
2019-07-31,0,1499,217,146
2019-08-01,2,1847,167,116
2019-08-02,0,1309,132,63
2019-08-03,0,1258,141,144
2019-08-04,1,2014,192,126
2019-08-05,0,1710,247,94
2019-08-06,1,1276,425,105
2019-08-07,2,1461,330,85
2019-08-08,0,1283,174,109
2019-08-09,0,829,111,80
2019-08-10,2,624,145,71
2019-08-11,0,1018,139,152
2019-08-12,1,1168,183,169
2019-08-13,0,1281,190,141
2019-08-14,1,1669,185,135
2019-08-15,1,1199,186,144
2019-08-16,0,874,121,106
2019-08-17,0,850,111,119
2019-08-18,0,1274,158,127
2019-08-19,0,1335,326,130
2019-08-20,0,1402,241,131
2019-08-21,1,1284,210,136
2019-08-22,0,1312,169,142
2019-08-23,2,920,93,87
2019-08-24,2,820,154,214
2019-08-25,0,1554,191,562
2019-08-26,0,1785,181,451
2019-08-27,0,1917,351,376
2019-08-28,1,1587,561,206
2019-08-29,0,1841,597,198
2019-08-30,1,1361,293,191
2019-08-31,0,1186,366,170
2019-09-01,0,1880,305,255
2019-09-02,0,1864,343,233
2019-09-03,3,2135,263,215
2019-09-04,0,2610,283,255
2019-09-05,1,3384,237,225
2019-09-06,3,3448,235,168
2019-09-07,1,3106,233,156
2019-09-08,0,5095,429,168
2019-09-09,0,4030,441,759
2019-09-10,1,3961,305,545
2019-09-11,0,3098,235,474
2019-09-12,1,2856,196,340
2019-09-13,0,2722,208,147
2019-09-14,0,3252,266,252
2019-09-15,0,5094,334,268
2019-09-16,0,5178,438,496
2019-09-17,3,8131,345,232
2019-09-18,0,7012,244,358
2019-09-19,1,6799,368,263
2019-09-20,1,3888,209,169
2019-09-21,3,2814,285,174
2019-09-22,2,3198,234,188
2019-09-23,0,2418,241,133
2019-09-24,1,1874,135,225
2019-09-25,0,3524,259,246
2019-09-26,0,3007,288,145
2019-09-27,2,1356,245,189
2019-09-28,1,1201,180,105
2019-09-29,0,973,197,80
2019-09-30,0,547,118,165
2019-10-01,0,1007,192,197
2019-10-02,0,1517,504,124
2019-10-03,0,1805,347,412
2019-10-04,0,1080,293,286
2019-10-05,0,778,374,264
2019-10-06,0,933,349,220
2019-10-07,0,778,271,325
2019-10-08,0,344,172,130
2019-10-09,0,454,93,165
2019-10-10,0,944,147,268
2019-10-11,0,704,231,236
2019-10-12,0,512,229,160
2019-10-13,1,502,177,182
2019-10-14,0,474,143,118
2019-10-15,0,761,120,98
2019-10-16,1,1021,184,128
2019-10-17,5,1118,164,113
2019-10-18,2,813,281,80
2019-10-19,0,624,264,103
2019-10-20,1,684,304,122
2019-10-21,2,1159,172,112
2019-10-22,0,1458,197,129
2019-10-23,0,1477,220,152
2019-10-24,1,1514,394,129
2019-10-25,0,710,285,159
2019-10-26,1,869,988,90
2019-10-27,0,923,621,118
2019-10-28,0,989,362,247
2019-10-29,0,884,290,157
2019-10-30,0,697,203,94
2019-10-31,3,1081,155,160
2019-11-01,4,886,162,117
2019-11-02,1,879,156,142
2019-11-03,0,1161,208,148
2019-11-04,0,1001,278,150
2019-11-05,0,1243,328,234
2019-11-06,1,790,253,253
2019-11-07,0,711,289,307
2019-11-08,0,1296,283,313
2019-11-09,0,1367,213,173
2019-11-10,2,1238,169,147
2019-11-11,0,1151,1038,198
2019-11-12,1,1184,276,227
2019-11-13,1,973,211,175
2019-11-14,0,1008,262,165
2019-11-15,0,748,295,111
2019-11-16,1,1432,409,236
2019-11-17,1,1943,317,266
2019-11-18,0,1311,233,244
2019-11-19,0,1438,348,284
2019-11-20,0,4404,529,417
2019-11-21,2,2878,2526,270
2019-11-22,0,1460,1364,150
2019-11-23,0,1445,1093,180
2019-11-24,1,1635,1464,284
2019-11-25,1,1914,1230,166
2019-11-26,2,1773,923,123
2019-11-27,0,1398,621,129
2019-11-28,1,1152,618,97
2019-11-29,0,848,535,134
2019-11-30,0,821,378,105
2019-12-01,1,1319,579,146
2019-12-02,0,1935,716,192
2019-12-03,2,2372,899,183
2019-12-04,0,1717,707,248
2019-12-05,0,1623,868,218
2019-12-06,0,1312,694,169
2019-12-07,0,1981,769,221
2019-12-08,0,2243,681,173
2019-12-09,0,1395,303,57
2019-12-10,0,2654,673,160
2019-12-11,2,4260,820,149
2019-12-12,2,3677,817,88
2019-12-13,0,1763,537,102
2019-12-14,0,1433,551,102
2019-12-15,0,2077,490,130
2019-12-16,0,1431,486,95
2019-12-17,3,1631,580,81
2019-12-18,0,1456,490,166
2019-12-19,0,1428,408,100
2019-12-20,0,1165,393,82
2019-12-21,1,721,385,70
2019-12-22,0,1068,554,116
2019-12-23,2,1119,449,97
2019-12-24,1,903,320,119
2019-12-25,0,1296,362,173
2019-12-26,0,1741,502,152
2019-12-27,1,1645,639,112
2019-12-28,0,1011,575,68
2019-12-29,0,1314,629,103
2019-12-30,3,1176,812,206
2019-12-31,0,1301,622,192
2020-01-01,0,1532,668,190
2020-01-02,1,1669,690,106
2020-01-03,1,788,355,1263
2020-01-04,1,908,403,615
2020-01-05,1,1321,675,775
2020-01-06,0,1056,637,562
2020-01-07,0,988,351,466
2020-01-08,0,806,279,920
2020-01-09,6,917,330,400
2020-01-10,0,588,298,308
2020-01-11,1,1056,360,498
2020-01-12,1,1650,354,527
2020-01-13,0,2251,438,247
2020-01-14,0,1991,383,452
2020-01-15,1,2517,274,291
2020-01-16,2,2425,248,150
2020-01-17,3,1174,217,156
2020-01-18,0,1290,303,140
2020-01-19,0,1634,414,119
2020-01-20,9,1649,347,123
2020-01-21,44,1917,422,197
2020-01-22,56,1302,535,170
2020-01-23,97,1559,496,179
2020-01-24,137,1597,411,124
2020-01-25,323,1498,370,97
2020-01-26,385,1382,698,108
2020-01-27,386,1426,569,144
2020-01-28,351,2532,955,185
2020-01-29,350,2792,583,146
2020-01-30,622,2415,512,138
2020-01-31,555,1185,354,94
2020-02-01,504,1159,316,78
2020-02-02,1146,1434,329,120
2020-02-03,824,1486,528,124
2020-02-04,727,1569,543,141
2020-02-05,573,1418,356,135
2020-02-06,496,1463,469,93
2020-02-07,410,1279,349,75
2020-02-08,381,1198,398,89
2020-02-09,701,2066,456,175
2020-02-10,649,1671,396,124
2020-02-11,759,1696,441,144
2020-02-12,657,1859,678,138
2020-02-13,696,2393,589,125
2020-02-14,387,2074,414,122
2020-02-15,382,1710,590,112
2020-02-16,963,2387,803,117
2020-02-17,933,2331,582,74
2020-02-18,874,2658,769,125
2020-02-19,730,2947,837,208
2020-02-20,689,2685,798,133
2020-02-21,1042,1907,866,164
2020-02-22,2656,1880,626,158
2020-02-23,3171,3073,645,186
2020-02-24,1766,3067,648,258
2020-02-25,1505,3360,1039,391
2020-02-26,1548,3535,870,304
2020-02-27,2656,4135,801,846
2020-02-28,1809,2939,751,750
2020-02-29,1688,3280,670,323
2020-03-01,2336,5104,843,276
2020-03-02,1924,8183,876,239
2020-03-03,1425,7139,612,186
2020-03-04,5337,8712,824,295
2020-03-05,4558,5684,578,277
2020-03-06,2915,3866,546,219
2020-03-07,2806,3796,445,270
2020-03-08,4487,3855,436,229
2020-03-09,5325,4578,569,233
2020-03-10,5565,6893,595,231
2020-03-11,6823,4081,486,220
2020-03-12,10862,2542,480,325
2020-03-13,8115,1937,401,207
2020-03-14,9395,1545,442,213
2020-03-15,9206,3032,572,255
2020-03-16,8014,2973,494,180
2020-03-17,9862,2705,380,179
2020-03-18,9922,2119,376,201
2020-03-19,9134,2772,485,247
2020-03-20,6811,1994,337,124
2020-03-21,7721,2149,427,216
2020-03-22,7799,3250,553,263
2020-03-23,7875,4106,635,236
2020-03-24,7555,3417,562,186
2020-03-25,7600,3696,610,236
2020-03-26,8569,6099,668,198
2020-03-27,5919,3033,418,125
2020-03-28,5640,2464,371,129
2020-03-29,7266,3410,389,108
2020-03-30,7088,2369,331,91
2020-03-31,6951,1119,266,116
2020-04-01,6559,1336,315,156
2020-04-02,6741,1067,279,141
2020-04-03,5045,830,288,87
2020-04-04,4661,1177,242,71
2020-04-05,6062,1199,284,80
2020-04-06,5685,1715,355,106
2020-04-07,5287,1396,344,114
2020-04-08,3517,1291,219,97
2020-04-09,3859,704,368,125
2020-04-10,4595,813,388,88
2020-04-11,2386,723,172,31
2020-04-12,5339,3757,609,87
2020-04-13,5227,3797,626,106
2020-04-14,3914,2160,423,81
2020-04-15,4012,1519,349,91
2020-04-16,4993,2536,434,85
2020-04-17,4221,1765,330,110
2020-04-18,3931,1241,282,108
2020-04-19,4832,1658,314,105
2020-04-20,4303,3367,598,213
2020-04-21,3474,3100,518,109
2020-04-22,3918,2105,364,119
2020-04-23,3774,1521,376,130
2020-04-24,2939,1365,376,113
2020-04-25,2986,1337,362,72
2020-04-26,3201,1339,396,78
2020-04-27,2515,1331,300,89
2020-04-28,2344,1092,330,100
2020-04-29,2375,740,271,87
2020-04-30,2463,1924,608,130
2020-05-01,2557,1190,500,72
2020-05-02,1923,1449,456,57
2020-05-03,2622,2330,901,118
2020-05-04,3236,2062,412,99
2020-05-05,3127,1563,361,177
2020-05-06,2483,1622,434,157
2020-05-07,2112,1594,438,149
2020-05-08,1767,870,315,82
2020-05-09,1566,681,414,94
2020-05-10,2064,1175,561,92
2020-05-11,2408,844,432,107
2020-05-12,2167,1082,323,84
2020-05-13,1906,1014,303,124
2020-05-14,1755,1865,499,72
2020-05-15,1371,1034,336,78
2020-05-16,1887,684,247,127
2020-05-17,2054,1969,637,127
2020-05-18,2176,1416,435,143
2020-05-19,1933,1089,353,230
2020-05-20,1564,1050,474,201
2020-05-21,1420,860,663,245
2020-05-22,1145,610,725,209
2020-05-23,1044,666,775,104
2020-05-24,1539,1127,1276,146
2020-05-25,1345,863,705,123
2020-05-26,1574,632,369,91
2020-05-27,1624,1490,432,86
2020-05-28,1235,712,374,86
2020-05-29,2241,400,207,66
2020-05-30,2400,474,235,51
2020-05-31,2521,791,294,75
2020-06-01,2303,831,355,131
2020-06-02,2009,836,285,79
2020-06-03,2120,781,216,63
2020-06-04,2072,741,206,78
2020-06-05,1435,585,212,144
2020-06-06,1283,685,194,93
2020-06-07,2016,784,267,171
2020-06-08,2143,833,228,84
2020-06-09,1853,1344,292,90
2020-06-10,1664,907,367,74
2020-06-11,1652,706,632,100
2020-06-12,1138,663,346,63
2020-06-13,1107,577,396,53
2020-06-14,1528,808,454,81
2020-06-15,1593,1245,388,106
2020-06-16,1819,902,217,105
2020-06-17,1832,1093,259,86
2020-06-18,1587,948,225,88
2020-06-19,1286,673,240,121
2020-06-20,1737,618,277,73
2020-06-21,2398,848,523,122
2020-06-22,2465,872,400,131
2020-06-23,2297,818,386,105
2020-06-24,2118,862,304,145
2020-06-25,2355,664,279,169
2020-06-26,1678,599,446,108
2020-06-27,1511,689,617,77
2020-06-28,2594,1218,400,94
2020-06-29,2647,1405,334,111
2020-06-30,2613,1241,543,227
2020-07-01,2891,1060,487,115
2020-07-02,3869,1185,316,185
2020-07-03,3529,910,247,170
2020-07-04,2852,864,234,188
2020-07-05,4337,871,279,265
2020-07-06,5527,1159,281,251
2020-07-07,5060,1081,317,216
2020-07-08,5250,2804,400,206
2020-07-09,3631,1117,347,159
2020-07-10,2737,894,334,162
2020-07-11,3589,1002,372,136
2020-07-12,4019,1448,355,156
2020-07-13,4526,1339,320,182
2020-07-14,4919,1536,542,247
2020-07-15,4242,1865,1112,289
2020-07-16,4057,1147,806,192
2020-07-17,3789,995,432,223
2020-07-18,4060,1204,523,205
2020-07-19,4933,1304,579,249
2020-07-20,4165,1141,460,223
2020-07-21,4090,1248,652,247
2020-07-22,3783,3263,759,164
2020-07-23,3766,2531,665,150
2020-07-24,2166,1415,540,114
2020-07-25,2242,1850,571,121
2020-07-26,3143,2156,605,251
2020-07-27,3258,1959,491,288
2020-07-28,3319,1230,485,199
2020-07-29,2380,1578,598,103
2020-07-30,2166,1543,470,122
2020-07-31,2026,1282,405,125
2020-08-01,2467,2394,487,84
2020-08-02,3378,2901,613,151
2020-08-03,3013,1899,477,149
2020-08-04,2665,2063,573,251
2020-08-05,2839,2134,634,422
2020-08-06,2752,2805,479,246
2020-08-07,1709,2880,533,122
2020-08-08,1565,2517,455,140
2020-08-09,2540,4997,715,113
2020-08-10,2297,3541,779,126
2020-08-11,2379,2388,504,161
2020-08-12,2083,1998,922,147
2020-08-13,2338,2348,855,360
2020-08-14,1448,1477,563,442
2020-08-15,1365,865,430,368
2020-08-16,1956,1348,411,309
2020-08-17,2158,1524,647,262
2020-08-18,1844,1180,532,487
2020-08-19,2187,3466,462,289
2020-08-20,1829,2811,532,326
2020-08-21,1367,2532,535,182
2020-08-22,1365,2868,488,146
2020-08-23,1931,4146,578,190
2020-08-24,2085,4067,625,156
2020-08-25,2136,2136,465,142
2020-08-26,2489,1284,394,134
2020-08-27,1970,1076,349,87
2020-08-28,1549,912,320,70
2020-08-29,1625,950,408,108
2020-08-30,2357,1289,435,113
2020-08-31,2652,1069,507,180
2020-09-01,48,25,13,2
2020-09-02,2467,1404,383,126
2020-09-03,5726,1055,402,85
2020-09-04,3132,741,335,248
2020-09-05,2868,1027,310,131
2020-09-06,4995,1255,392,113
2020-09-07,4992,1264,763,107
2020-09-08,3649,947,757,100
2020-09-09,3584,1831,608,112
2020-09-10,5137,1231,483,113
2020-09-11,3686,977,403,175
2020-09-12,3523,838,409,216
2020-09-13,4643,1162,549,195
2020-09-14,3679,899,521,184
2020-09-15,3294,882,393,352
2020-09-16,3628,841,297,219
2020-09-17,3803,903,367,171
2020-09-18,2660,622,217,93
2020-09-19,3098,1014,218,69
2020-09-20,4746,1101,360,240
2020-09-21,5810,1264,357,209
2020-09-22,5950,1436,408,183
2020-09-23,7114,1687,432,138
2020-09-24,6074,2156,485,126
2020-09-25,4548,1549,413,96
2020-09-26,5159,1622,436,97
2020-09-27,3774,995,333,115
2020-09-28,3300,746,179,149
2020-09-29,6476,1604,525,344
2020-09-30,5974,1831,458,242
2020-10-01,5247,1486,449,177
2020-10-02,6137,3087,361,109
2020-10-03,5206,2681,502,127
2020-10-04,5604,3209,651,116
2020-10-05,6226,2087,848,118
2020-10-06,5460,2772,548,112
2020-10-07,1258,667,166,35
2020-10-08,4360,2084,596,155
2020-10-09,3302,1275,395,145
2020-10-10,3150,2010,418,122
2020-10-11,4226,2331,442,143
2020-10-12,4315,2160,474,117
2020-10-13,4244,1816,732,81
2020-10-14,3424,1268,678,109
2020-10-15,613,237,115,21
2020-10-16,2931,1157,322,103
2020-10-17,3098,1282,424,142
2020-10-18,3649,1815,374,162
2020-10-19,3491,2178,326,125
2020-10-20,3035,1472,218,129
2020-10-21,2909,1495,301,104
2020-10-22,2610,1275,276,176
2020-10-23,1794,1437,220,254
2020-10-24,1933,1190,374,373
2020-10-25,2911,1368,388,233
2020-10-26,2890,1371,244,231
2020-10-27,2612,1419,342,221
2020-10-28,2507,1447,306,184
2020-10-29,2392,1346,306,136
2020-10-30,1617,1117,178,155
2020-10-31,1908,1313,292,132
2020-11-01,2442,1944,481,156
2020-11-02,2522,2194,395,220
2020-11-03,1983,3093,186,378
2020-11-04,1770,5556,170,376
2020-11-05,1794,3397,241,253
2020-11-06,1345,3453,222,908
2020-11-07,1497,3837,167,925
2020-11-08,1884,3016,210,794
2020-11-09,2820,2352,199,361
2020-11-10,2076,2697,360,278
2020-11-11,2046,2060,284,207
2020-11-12,2334,2597,265,275
2020-11-13,1709,1933,216,151
2020-11-14,1644,1591,308,246
2020-11-15,2271,1551,431,218
2020-11-16,2416,1568,287,130
2020-11-17,2029,1415,236,201
2020-11-18,1837,1395,260,257
2020-11-19,1647,1306,214,202
2020-11-20,1413,1184,174,116
2020-11-21,1221,974,197,109
2020-11-22,1730,1609,312,172
2020-11-23,1894,1840,432,342
2020-11-24,1712,1669,296,211
2020-11-25,1597,1528,248,250
2020-11-26,1622,1608,379,143
2020-11-27,1425,1220,282,716
2020-11-28,1514,1164,298,1090
2020-11-29,1577,1325,296,671
2020-11-30,1538,2355,263,372
2020-12-01,2020,3481,284,235
2020-12-02,1957,4211,260,201
2020-12-03,1939,3023,300,184
2020-12-04,1244,1547,180,128
2020-12-05,1533,1351,166,155
2020-12-06,2028,1711,213,161
2020-12-07,2689,2182,266,158
2020-12-08,2619,2703,244,156
2020-12-09,2395,2628,369,131
2020-12-10,2561,1703,323,241
2020-12-11,1328,1132,252,213
2020-12-12,1351,1435,231,184
2020-12-13,2308,1430,244,171
2020-12-14,2293,1584,390,141
2020-12-15,2163,2029,265,173
2020-12-16,2647,1746,214,122
2020-12-17,2312,2047,200,115
2020-12-18,1574,1642,176,119
2020-12-19,2105,1524,274,77
2020-12-20,3041,2636,250,83
2020-12-21,2648,3639,286,167
2020-12-22,2357,5955,402,121
2020-12-23,2875,4565,363,188
2020-12-24,2350,2745,333,164
2020-12-25,1563,1656,283,144
2020-12-26,1880,1861,275,144
2020-12-27,2707,2260,337,136
2020-12-28,2668,2187,290,154
2020-12-29,2431,2867,326,134
2020-12-30,2361,2585,281,165
2020-12-31,2513,1909,295,262
